Description,Category
pizza dinner,Food
ordered pizza,Food
ate pizza,Food
burger and fries,Food
bought burger,Food
chicken burger,Food
restaurant lunch,Food
restaurant dinner,Food
ate at restaurant,Food
bought groceries,Food
grocery shopping for food,Food
milk and bread,Food
bought vegetables,Food
bought fruits,Food
coffee at cafe,Food
tea and snacks,Food
ice cream,Food
sandwich for lunch,Food
bought cake,Food
ordered food online,Food
Zomato dinner,Food
Swiggy lunch,Food
pizza from restaurant,Food
breakfast at restaurant,Food
bought snacks,Food
uber ride,Transport
travelled by Uber,Transport
Uber to school,Transport
Uber to college,Transport
cab ride,Transport
taxi ride,Transport
Ola ride,Transport
travelled by Ola,Transport
bus ticket,Transport
bus ride to school,Transport
bus ride to college,Transport
train ticket,Transport
train journey,Transport
metro ticket,Transport
metro ride,Transport
petrol for car,Transport
petrol for bike,Transport
fuel for car,Transport
auto rickshaw,Transport
auto ride,Transport
cab to school,Transport
cab to college,Transport
bought laptop,Shopping
bought a new laptop,Shopping
new shoes,Shopping
purchased new shoes,Shopping
bought clothes,Shopping
new shirt,Shopping
new jeans,Shopping
new school bag,Shopping
bought headphones,Shopping
bought earphones,Shopping
purchased a watch,Shopping
bought a phone,Shopping
purchased mobile phone,Shopping
bought a jacket,Shopping
bought a dress,Shopping
Amazon shopping,Shopping
bought books,Shopping
bought stationery,Shopping
electricity bill,Bills
paid electricity bill,Bills
electricity payment,Bills
internet bill,Bills
paid internet bill,Bills
mobile recharge,Bills
phone recharge,Bills
water bill,Bills
paid water bill,Bills
gas bill,Bills
paid gas bill,Bills
phone bill,Bills
telephone bill,Bills
movie ticket,Entertainment
watched a movie,Entertainment
cinema ticket,Entertainment
Netflix subscription,Entertainment
concert ticket,Entertainment
video game,Entertainment
bought a video game,Entertainment
gaming subscription,Entertainment
bowling with friends,Entertainment
theme park ticket,Entertainment
amusement park,Entertainment
music concert,Entertainment
Spotify subscription,Entertainment
bought medicine,Health
medicine from pharmacy,Health
pharmacy purchase,Health
doctor consultation,Health
visited doctor,Health
medical checkup,Health
hospital consultation,Health
hospital visit,Health
bought vitamins,Health
health checkup,Health
medical test,Health
bought prescription medicine,Health
pharmacy bill,Health
doctor appointment,Health